"modGenes","modUniprotIDs"
"contig139441","P52787"
"contig146927","P48380"
"contig176289_120118_153740_72036_88343_162349","D7G5T0"
"contig148698_147620","Q0V8S9"
"contig150750_170008","Q9BVJ6"
"contig211182","Q6DKN2"
"contig77708_112444_55263_21064","Q99KY4"
"contig171572","Q6AZN8"
"contig104976","No_Uniprotmatch"
"contig70368","Q6ZQ58"
"contig169137","Q5M7N9"
"contig147292","Q7JQD3"
"contig77289","Q8VE97"
"contig148555","P40201"
"contig71559","Q5M9F8"
"contig113407","Q3U481"
"contig176385","Q61151"
"contig71636","P25386"
"contig54512_193003","E7FDB3"
"contig116932","P67963"
"contig169347","O43670"
"contig74293","O75095"
"contig600006_97276","Q0CP28"
"contig169648_213752_103409_113325_193893_156466_142688","Q9NYI0"
"contig75868","Q86XN7"
"contig105458","Q63569"
"contig145126","A1L1W9"
"contig204636_158373_97058","Q00651"
"contig105703_188719","C3YWU0"
"contig82145_70935","Q5DTV4"
"contig81225","P02468"
"contig98181","Q9WV30"
"contig75692","Q6GQX6"
"contig145003","P11532"
"contig96753","C3XZ74"
"contig117530","Q02246"
"contig177316","Q35099"
"contig81515","Q5XI41"
"contig72610","C3ZB55"
"contig79121","Q9PWH2"
"contig68001","Q86TI4"
"contig209244","Q864R9"
"contig144744","A9TTH3"
"contig149854","O43900"
"contig145192","Q7Z6G8"
"contig8233","Q90419"
"contig204671_151177","Q24524"
"contig55928_109216","Q20191"
"contig22118_193399_68418_31068_72934_122082_115522_182927_186835","Q9Y6P5"
"contig213817_219118","O70589"
"contig180187","D6WE01"
"contig207064","Q13332"
"contig145409","Q7ZZC8"
"contig211391_169204","O57656"
"contig54742","Q03001"
"contig145019","Q7TMY8"
"contig81020_145462","Q9EQS0"
"contig3441_76492_114801","P23142"
"contig108254_113304_150793","O00291"
"contig107260","Q64319"
"contig170871","F2ULT3"
"contig150027","B2BS84"
"contig204692","P00767"
"contig147019","Q6TMK4"
"contig125634_109572_56140","Q80UK0"
"contig204146","Q95J75"
"contig19902_18709","Q5U316"
"contig68154","Q8BVE3"
"contig178103_148016","Q28GD4"
"contig159909","P35286"
"contig178720_177820","Q7ZUW2"
"contig169440","Q5NVI9"
"contig147061","Q00963"
"contig600098_167965","Q9NZM1"
"contig148741","No_Uniprotmatch"
"contig4045","O35182"
"contig169192","Q7T3Q2"
"contig204159","Q90XW6"
"contig68785","P21783"
"contig208440_212577","Q4VA61"
"contig203754","C3Y5H9"
"contig174712","Q96L93"
"contig146788_211999","P08775"
"contig209312","E1C7U0"
"contig114205","Q08470"
"contig81023","P41233"
"contig22474_170049","Q8BPM0"
"contig147094","Q8K406"
"contig171542","A8WHP3"
"contig145686","Q5T5Y3"
"contig106001","O46392"
"contig208031","No_Uniprotmatch"
"contig65902","Q80TP3"
"contig69843","Q9WV92"
"contig80956_106331_14555_97402_212104","Q9D4H7"
"contig108100_59002_82866","P12036"
"contig159263_140142_110659","No_Uniprotmatch"
"contig194442_100180","Q5RC74"
"contig212395","Q924A2"
"contig65173","O18894"
"contig204597","Q5RA03"
"contig106035","Q804T6"
"contig150816","C3YXC4"
"contig55341","Q6PDK2"
"contig68697","Q5PPJ9"
"contig83033_199968","Q15678"
"contig140652_76112_17586_56185_157462","Q0KL02"
"contig207328_212446","Q5TC82"
"contig133050_51574","P98064"
"contig77167","Q5VT06"
"contig71113","Q14789"
"contig69036","P28021"
"contig116155_145370","Q9UK61"
"contig178353","Q96DM1"
"contig600174_189893_133649_196500","Q9SN46"
"contig99670","A7MB10"
"contig145752","Q62504"
"contig78803_205840_152174","O00443"
"contig128240_125614_218748_82794_600211_59467","Q54HW1"
"contig151467","P19137"
"contig169187","Q5SFM8"
"contig151352","P61917"
"contig147113","Q9UK61"
"contig209786_600144","P05300"
"contig150868","Q9CPW4"
"contig107111_53356","Q6MG48"
"contig148286_148656","Q95LD9"
"contig178059","P11275"
"contig79362","Q5U4T3"
"contig150030_80381","Q16656"
"contig210924","No_Uniprotmatch"
"contig114189_58569","Q86PM4"
"contig22456_98888_156741","Q8BWT1"
"contig148279_131491_78541","P97526"
"contig169934","Q6DDW2"
"contig105084_26358","Q7TN83"
"contig169802","Q6WV17"
"contig51941","D8U4Z9"
"contig205354_77052","O15118"
"contig77322","Q2KHT3"
"contig170178_111837_153393","P05208"
"contig68351_105576","P20072"
"contig146698","B3N3F7"
"contig150976","Q5F371"
"contig151635","Q7ZXY0"
"contig71141","No_Uniprotmatch"
"contig79812","P04035"
"contig76745","Q86U38"
"contig69947","C3YAE8"
"contig110861","Q9JK84"
"contig175678","No_Uniprotmatch"
"contig152211","Q8K135"
"contig151216","Q63081"
"contig98531","P70085"
"contig145942_115396_180528","Q63415"
"contig146381","Q5REW0"
"contig147141","No_Uniprotmatch"
"contig150618","Q90478"
"contig174333","P02463"
"contig203530","Q91ZU6"
"contig147211","A1L390"
"contig148131","Q96RW7"
"contig145463","Q04637"
"contig149835","P95544"
"contig114325","No_Uniprotmatch"
"contig170413","A5WUT8"
"contig147787","Q5VXJ0"
"contig213908","Q6NWZ9"
"contig151254_131525","P27619"
"contig14779_58394_116848","P68907"
"contig113966","B3S768"
"contig147573","No_Uniprotmatch"
"contig111914","Q93009"
"contig150773","P35444"
"contig173754","B3S0U6"
"contig149188","Q8N0W3"
"contig106432","P79331"
"contig80420","Q6GP04"
"contig19010","No_Uniprotmatch"
"contig203508","Q5TGI0"
"contig170526","E9PUL6"
"contig148721","No_Uniprotmatch"
"contig209578","O15085"
"contig209687_180218","O57321"
"contig169542","Q6JHU9"
"contig147827","O57478"
"contig151090","P0C8E4"
"contig153577","No_Uniprotmatch"
"contig205950_178491","Q8NFP4"
"contig178455","O75154"
"contig146100","P07174"
"contig92369","Q5RDU7"
"contig215060","Q9GNN8"
"contig80399_114353","O77819"
"contig169249","Q8VDJ3"
"contig106655","Q7ZUW2"
"contig180868","P39572"
"contig147492","Q8AWW5"
"contig152928","Q8K021"
"contig12056_188757_23127_99181","Q9CZV8"
"contig152833","P25391"
"contig151244","P27476"
"contig150954","Q8CFT2"
"contig147336","Q9Y4F4"
"contig96627","Q9V785"
"contig72305","No_Uniprotmatch"
"contig204631","O94818"
"contig83105_20442_137739","Q6NRP2"
"contig14791_82855_200544_111502","Q6PCM2"
"contig80015","Q8BW70"
"contig108301_172272_112069_145285_176143_104325","Q24292"
"contig194044","A1L1W9"
"contig68003_169246","P26630"
"contig145278","P10394"
"contig176476","P36916"
"contig201862","Q99JY4"
"contig171698","Q7TP36"
"contig65622_111220_21003_55870","Q91Z96"
"contig147756","Q15643"
"contig147460","Q9QZM5"
"contig170227","Q8WWQ8"
"contig193560","P20072"
"contig169412","Q95209"
"contig74070","Q8VBT1"
"contig204355","No_Uniprotmatch"
"contig105472","Q8BZZ3"
"contig169565_152977","Q14149"
"contig110301","Q7ZVZ7"
"contig59779","Q4GZT3"
"contig55100","P81439"
"contig203863_210427_151893_150926","P38650"
"contig174539_138689","Q7KM13"
"contig150824","Q9ULH0"
"contig145268","P28828"
"contig111764_69995","Q68EH9"
"contig211371_189658","Q86WA8"
"contig151008_216657_155008","Q91XU1"
"contig169392","No_Uniprotmatch"
"contig78961","Q63164"
"contig181811_96743_82087","Q9R0N7"
"contig151127_205457","Q2TL32"
"contig74445","Q54G05"
"contig167931","Q924A2"
"contig68634","Q91W36"
"contig180054","Q2NL26"
"contig203416","Q6PDK2"
"contig96465","Q58A42"
"contig206268","Q28GF8"
"contig176563_204017","Q9H1P3"
"contig150857","Q9VVI3"
"contig204235_209830","Q4R4I6"
"contig178024","O08710"
"contig15356_73356","Q7TN88"
"contig203954","Q91827"
"contig76933","Q3SYT8"
"contig145223","O55164"
"contig26430_66655","Q9C091"
"contig214577_53946_68181_79759","Q9ULJ6"
"contig96510","No_Uniprotmatch"
"contig150819","Q5ZKN1"
"contig140676_96807","Q6NRZ1"
"contig178657","Q91610"
"contig176174","P49596"
"contig104316","Q7SZE5"
"contig107359_23926_108104","Q9P2J5"
"contig73945","O94759"
"contig145437","Q05B92"
"contig169452","Q8IUH3"
"contig178539","Q6EDY6"
"contig147080_204640","P23468"
"contig74314","P41234"
"contig104901","B0BN93"
"contig203928","Q8AVV6"
"contig146824_108570","Q6DFC8"
"contig167897","Q9BZ72"
"contig168890","Q8NFA0"
"contig20670_91150_116359","Q8C4Y3"
"contig78566","O14194"
"contig211459","A0JPQ7"
"contig169903","O60271"
"contig168102","O75179"
"contig145516","Q95209"
"contig104274","Q09666"
"contig83073","Q5ZMI4"
"contig169443","O61491"
"contig58086","P78317"
"contig111029","P25386"
"contig105912","Q6VY07"
"contig52471_199754","Q6DKN2"
"contig78093_204338","Q86SR1"
"contig149111","Q9WV30"
"contig144792","Q6PDK2"
"contig170325","A4IHD2"
"contig148013","Q9ERG2"
"contig146747","P26779"
"contig178628","Q6PBL0"
"contig175766","Q13797"
"contig71595","Q80X50"
"contig138206","O95847"
"contig158836","A2A4P0"
"contig172245","Q5ZL33"
"contig147157","O00468"
"contig213675","No_Uniprotmatch"
"contig106430_150933","B9ZSJ2"
"contig209218_148062","Q6YHK3"
"contig170648","Q64322"
"contig147663","Q5TCZ1"
"contig108745","P19139"
"contig148422","Q16629"
"contig153314","P37709"
"contig170117","Q9NR09"
"contig150748","P13538"
"contig44410","Q12986"
"contig98298","Q8BKR5"
"contig151613","A2AJA9"
"contig209827","Q766D5"
"contig145766","Q15751"
"contig149321","Q6PCS4"
"contig15673","Q9C098"
"contig78081","F6YVJ3"
"contig213222_132108_76010_12031","Q4R5E4"
"contig74857","Q9P203"
"contig150955","Q7KZ85"
"contig98302","Q03669"
"contig600099","O16025"
"contig181886","No_Uniprotmatch"
"contig94460","Q1LZF8"
"contig147459","Q9Y2E4"
"contig81692","Q804T6"
"contig205180","Q6GQX6"
"contig5372","Q90481"
"contig147162","Q86UR5"
"contig149249","P11046"
"contig80878","No_Uniprotmatch"
"contig177900","Q9UKV8"
"contig170698","Q6AZN8"
"contig148359","P82471"
"contig53938_203092_131868","No_Uniprotmatch"
"contig150467","Q5SNZ0"
"contig148540","Q8BSD5"
"contig170129","Q8VHF0"
"contig70176","Q8C8R3"
"contig76544","O88428"
"contig171204","P22793"
"contig72412","P18907"
"contig119064_48372_151633","Q9LQV2"
"contig205150","No_Uniprotmatch"
"contig193503_15348_5540_204313","Q8TBN0"
"contig147139","Q9BX70"
"contig23875_82953","Q13905"
"contig108579","P98164"
"contig209833","O73698"
"contig176405_179494_181052","Q3SZZ2"
"contig181632","O88809"
"contig82893","O76288"
"contig69413","Q9UK61"
"contig207871","Q6DID3"
"contig147101","O96006"
"contig169291","Q9W6B4"
"contig25617_170978","Q96I76"
"contig148615","Q9JKK0"
"contig154284","Q61838"
"contig115473","Q6ZUT9"
"contig147727","Q9WV89"
"contig146129_178111","Q9UIF8"
"contig59396","Q9JLB0"
"contig145005","Q8IZD2"
"contig177532_107548_131411","Q95266"
"contig147367","Q99N10"
"contig177359","A6H584"
"contig150770_600138","Q9JLC6"
"contig204277","Q5XIU9"
"contig176064_74666_149818","Q6PH57"
"contig151970","Q9WV30"
"contig178486_170920","Q58A42"
"contig160313_177213_51903","Q80TC6"
"contig130163","P86854"
"contig153422_176482_104180","C6FG12"
"contig70470","Q5F383"
"contig68759_210701_78220_212597_196214","Q9VCY8"
"contig169340","Q12965"
"contig169739","Q8VDJ3"
"contig150262","D7EHT4"
"contig203971_147441_211386_176132","Q17770"
"contig169117","Q7T292"
"contig109620","No_Uniprotmatch"
"contig176407","Q63415"
"contig80825_58347","O88664"
"contig104560_181540","Q80Z96"
"contig112272","P21580"
"contig72450_205315","Q503V9"
"contig68708_106026","P28660"
"contig149655_76191_107673","E1BB52"
"contig180330_76453","A2A432"
"contig209842","P20072"
"contig78793","Q6GNL7"
"contig74355","O01761"
"contig152950","O96790"
"contig106360_177072_145683","P55201"
"contig26105_78550_78086","Q5RA75"
"contig184763","P18519"
"contig83316_14213_36785","No_Uniprotmatch"
"contig204015_129709","P63074"
"contig151364","Q7ZWM4"
"contig176214","P24643"
"contig148409","Q09666"
"contig52831","Q8IUH3"
"contig180388_147944_169768","Q8QG61"
"contig152252","P98095"
"contig600135","P70490"
"contig174230","No_Uniprotmatch"
"contig115904_129983","Q8WWQ8"
"contig150138","Q6ZQ03"
"contig71644","O15439"
"contig74824","O88818"
"contig97651","Q5R889"
"contig77982","Q61879"
"contig72100","Q03001"
"contig204764","Q80TP3"
"contig73261_21943","Q8BYR2"
"contig99514","Q62288"
"contig148770","Q6ZQN7"
"contig14443_119260","Q5F363"
"contig105465","Q6FRC6"
"contig189406_93746","Q5SW75"
"contig11595","Q8IRC7"
"contig209343","Q8BKX6"
"contig205806_114568","Q5S007"
"contig106310_9323","C3ZRJ4"
"contig115198","No_Uniprotmatch"
"contig208052","Q71F56"
"contig150833","Q6TMK4"
"contig76797","P55201"
"contig79342_207882","Q8VHQ7"
"contig87199","Q7TMY8"
"contig147356_187054","Q5REG6"
"contig80183","P11584"
"contig170248","No_Uniprotmatch"
"contig60330","Q5F3B1"
"contig600122","P61917"
"contig145955","Q68FD5"
"contig178267","P11434"
"contig21150","Q3SWY2"
"contig94485","Q5PU49"
"contig93710_152415","Q2KIL5"
"contig151088","Q9BZ19"
"contig15653_59975","Q9C0C9"
"contig119083","Q8BHN3"
"contig210637","Q9CUL5"
"contig151205","O76368"
"contig147399_104874_169150","Q80Y17"
"contig97440","Q9WTW8"
"contig53470","No_Uniprotmatch"
"contig152263_170651_208957","P08110"
"contig82667_74864","A7MB46"
"contig105417_55529","Q04887"
"contig20560_75497_77159_157449_153078_2686_1982_70929_195032_146807_138143","Q9UGM3"
"contig210895_149088_69557","Q61235"
"contig174328_108394","Q29H55"
"contig108303_153229","P10394"
"contig174689","P55013"
"contig179713","P12111"
"contig147603","P62046"
"contig79430","No_Uniprotmatch"
"contig170667","Q3UTQ8"
"contig151085","Q4GZT3"
"contig117735_156558","Q28CJ6"
"contig138285","Q9DDA9"
"contig150905","Q96RW7"
"contig146248_201532","Q14517"
"contig150796","Q13423"
"contig147134","Q5ZMQ9"
"contig103971","Q13332"
"contig111750","Q9UKV8"
"contig166819_105426","D7G5T0"
"contig119458_147044_192980","Q5R7B8"
"contig218811","P35445"
"contig151464","O94913"
"contig13170_116944_98797","No_Uniprotmatch"
"contig151570","O95819"
"contig145515","Q4A0V8"
"contig153070","Q9UK96"
"contig147889","Q96RW7"
"contig205942","Q9DBP5"
"contig145161","Q6DE55"
"contig147342","Q86WA9"
"contig151378","Q8K135"
"contig157640_105144_202310_160404","P48417"
"contig175826","O46385"
"contig204319","Q9TRY9"
"contig145798","O75096"
"contig178412","Q5W111"
"contig154274_177837","Q0IH87"
"contig145158","Q13017"
"contig204208","Q28824"
"contig152805_155359","Q6NRD3"
"contig97342_189722_176458","O35867"
"contig138549","Q9ESK9"
"contig81189","Q8C6B2"
"contig154113","A0JP86"
"contig153254","Q5T2S8"
"contig105786","Q9D8V0"
"contig189543_57507","Q7Z3E2"
"contig103917","No_Uniprotmatch"
"contig117257_96999_191666_158430","Q6NRZ4"
"contig54664","Q6V4S5"
"contig600096","Q9DBX3"
"contig98683","Q1LZF8"
"contig203126_60564","Q13136"
"contig152725","C3YI62"
"contig145214_78453","O75445"
"contig178733","Q54BU4"
"contig147575","P81274"
"contig146228","Q76LL6"
"contig60540","E6ZIJ1"
"contig71519","P29145"
"contig148628","Q6V4S5"
"contig70292","Q5VT06"
"contig71014","O00468"
"contig78096","Q62440"
"contig146126","Q92058"
"contig169487_198848_140795_17768","Q5T1H1"
"contig146870","No_Uniprotmatch"
"contig98484","Q5RBG4"
"contig167551_66453","O88799"
"contig147580","Q6ZZY0"
"contig99713","Q0VD51"
"contig104365","Q7Z5Y7"
"contig104761","Q9W596"
"contig199438_148595_158383_169198_140574_180199_205702","P41778"
"contig205537_213163","No_Uniprotmatch"
"contig204084","C5M4Q2"
"contig100105","Q9Y4R7"
"contig78166","Q95218"
"contig171867","Q58A42"
"contig146619","P26233"
"contig151328","Q8N5U6"
"contig147473","Q05585"
"contig75298","Q9UM47"
"contig600203","Q9WV92"
"contig108283_140572","A5PMX1"
"contig70384","Q91287"
"contig211136_81757_209806","Q8CFN2"
"contig69538","P55016"
"contig15037_60692","Q01484"
"contig208005","Q2Y0W8"
"contig78161_168162","C3Z2W6"
"contig148647","Q80TM6"
"contig167838_204913","Q5PR68"
"contig60605","P97677"
"contig147613_108708_210838","Q9U943"
"contig74539","No_Uniprotmatch"
"contig600069","Q8MVR1"
"contig106051","No_Uniprotmatch"
"contig80389","No_Uniprotmatch"
"contig145761","Q3B7N2"
"contig127038","Q55E58"
"contig210229_170849_188942_149224","Q96S53"
"contig600032","Q2PZL6"
"contig201752","O75145"
"contig171033","A6QLK6"
"contig109674","P79398"
"contig98900","Q9QYB2"
"contig147849_153917","B3S964"
"contig152198","Q7TT36"
"contig78903","Q5T5Y3"
"contig204283","E7BKJ3"
"contig150725","F5XKW2"
"contig77163","Q8BL99"
"contig97980","D1FX76"
"contig68310","Q7ZXQ3"
"contig97385_174452","P27476"
"contig168917_218957","Q96K80"
"contig145507","B3N3F7"
"contig157754_204248_191","Q05086"
"contig145804","Q95218"
"contig71274_75712","Q64701"
"contig145387","A2AHL1"
"contig178257_21668_146877","O08560"
"contig74026_118651","P63086"
"contig69361_14128","Q27991"
"contig78253_202552_149106_66408_189310","Q14517"
"contig169960","Q4G061"
"contig151504","Q9NRL2"
"contig146719","Q7KRY7"
"contig145424","Q7TNG8"
"contig152146","Q3V096"
"contig93647_148949","Q8CGF6"
"contig211767_74123_209974","O43390"
"contig116754","No_Uniprotmatch"
"contig25301_150918","Q80U56"
"contig170458_217112_156479","No_Uniprotmatch"
"contig209448","P13538"
"contig68648","Q14789"
"contig98658_71981","Q02224"
"contig177106","Q5GN48"
"contig73169_172150_155937_190228","P97603"
"contig147865","Q5SUV2"
"contig60724","Q91287"
"contig76938_151389_176541_179899_78590","No_Uniprotmatch"
"contig104682","Q8IWZ3"
"contig173816_104177","O00468"
"contig117213_176904","Q8VEG4"
"contig73330","P55016"
"contig6203_77650","O55164"
"contig76639","Q00963"
"contig93818_160585_147605","Q93008"
"contig71354","Q99469"
"contig56317","O70537"
"contig212789","Q8BGF6"
"contig153068","O55164"
"contig145154","P35749"
"contig69580","Q6PDK2"
"contig179805","O00468"
"contig60020","Q9ULV0"
"contig176972","Q7T271"
"contig169953_170618","A2AX52"
"contig9228","Q32NH8"
"contig74286_19012","Q7ZU29"
"contig112236_17856_203844_179786_147848_214133","P41242"
"contig180622_157125_108086","Q5RC06"
"contig73124","Q5RFJ1"
"contig115493_213284","Q6NY52"
"contig18604_76225","Q8WWQ8"
"contig7590_146341_192630_55553","Q6DFR2"
"contig151792_176591","O97676"
"contig152165","A2AQW0"
"contig149087","Q91048"
"contig56383_55797","Q6QI06"
"contig151775","No_Uniprotmatch"
"contig72140_169917","O88307"
"contig147904","Q8BX94"
"contig109264_107434","P02563"
"contig145245","Q9JMD3"
"contig168070","O18158"
"contig110151_600232_208240_177858_3926","Q04912"
"contig147794_155167","A4IHD9"
"contig68264","Q0VH32"
"contig169572","Q3SZB4"
"contig83227","P26009"
"contig171874","Q28685"
"contig113768","No_Uniprotmatch"
"contig26357_205521_168209","Q9ULJ7"
"contig194145","Q9GKT2"
"contig145360","Q5VT25"
"contig148037","Q9NTJ4"
"contig92662","Q9Z1Q9"
"contig151400_178114","F0ZIE1"
"contig168877","Q2HJ46"
"contig177870","Q96RW7"
"contig144988","Q5R874"
"contig145296","Q7KZ85"
"contig179118","Q91147"
"contig107946_69479_110858","Q13615"
"contig210288","Q7RTN6"
"contig174388","P13596"
"contig5639_20178","P13622"
"contig216993_14792_77018","Q8JZQ5"
"contig66661","O14514"
"contig150489","Q8BHI9"
"contig191608","No_Uniprotmatch"
"contig203769","Q92614"
"contig69330","Q7ZYC4"
"contig218740","Q90640"
"contig202154","Q5ZMS6"
"contig174741","Q6GQB9"
"contig153166_107264","Q9JIS1"
"contig81073","No_Uniprotmatch"
"contig103314","Q6AX44"
"contig105100","B4GBH0"
"contig145344","Q8N7X0"
"contig70745","O60879"
"contig105381","Q8IUH3"
"contig185067","No_Uniprotmatch"
"contig68234","Q8CHG7"
"contig177485","No_Uniprotmatch"
"contig156217","C5LLQ1"
"contig146644_66086","Q8WZ42"
"contig180736","Q0P4P2"
"contig96467","P23786"
"contig96623","Q566C7"
"contig168010","Q8VDJ3"
"contig190875","Q9UKV8"
"contig105224_151870","P02462"
"contig112748_119130","Q14624"
"contig219349_64423","Q09811"
"contig147245","Q9QXL2"
"contig212300","Q9UK61"
"contig54899","Q9Z173"
"contig210181","Q4R8N7"
"contig600093","C8YR32"
"contig71404_111609","P55268"
"contig82926","Q9Y4G8"
"contig98439","Q12965"
"contig73742","Q8CBY3"
"contig170887","Q9EQW7"
"contig146891_600167","B2RY04"
"contig74205","No_Uniprotmatch"
"contig170327","O95104"
"contig107014","No_Uniprotmatch"
"contig74713_174448","Q0KL02"
"contig147954","A7DZP8"
"contig132308_149808_150236","P17038"
"contig99046_112180_148951_210691","Q96NI8"
"contig179129","Q99996"
"contig167582","O01761"
"contig174686_25654_70654","Q09225"
"contig69520","Q06AA4"
"contig204504","Q03001"
"contig218297","Q5UAW9"
"contig169058_182423","Q05090"
"contig150995_116281","No_Uniprotmatch"
"contig79068","Q8BYR2"
"contig93962","No_Uniprotmatch"
"contig145754","P55937"
"contig201419","Q9P281"
"contig97631","Q9NRA8"
"contig111419","O08874"
"contig175992","Q9VW26"
"contig205392","No_Uniprotmatch"
"contig171407","O54874"
"contig70485","Q27433"
"contig106963","Q66T02"
"contig201447","Q6AYL5"
"contig170932","No_Uniprotmatch"
"contig151589","O14111"
"contig204098_176670","Q6PBL0"
"contig54867","O95477"
"contig600111","Q6ZWJ1"
"contig147151","Q99MZ8"
"contig207944","Q96AY4"
"contig113105_12728_218606","P42587"
"contig77805","Q5SXM1"
"contig92573_205201_218690_171856_159973","Q6PAJ1"
"contig172268","C8YR32"
"contig82066","Q5THJ4"
"contig117562_122697","B7UBD4"
"contig147533","Q03001"
"contig139916","C3XPW7"
"contig203670","Q80YA3"
"contig81340","Q28CJ6"
"contig25661_80037_52223","O60673"
"contig167741","B9LHE5"
"contig203696","O88377"
"contig201858","P53714"
"contig75606","Q9I7T7"
"contig146611","No_Uniprotmatch"
"contig209664_170445","P22830"
"contig78545_169462_118963","Q14517"
"contig171289_179293","A7MB74"
"contig169349","P08754"
"contig82218","No_Uniprotmatch"
"contig146430","C4YQQ4"
"contig106679","Q8IVV2"
"contig147386_171216","No_Uniprotmatch"
"contig110810","P29375"
"contig180687","Q12965"
"contig57407_178106_16093","Q795M8"
"contig152365","O08837"
"contig145698","Q6P5D8"
"contig59882","P16157"
"contig23423","P0A651"
"contig150078","Q80V86"
"contig137751_176808","P63329"
"contig211525_148720","Q7Z7H5"
"contig171236","Q1RMU2"
"contig98169","Q03669"
"contig109933_98341_144777","Q6ZMW2"
"contig16365_73750","Q5XXR3"
"contig211207","Q96RW7"
"contig174319","Q924A0"
"contig148594","Q61097"
"contig151246","A2AX52"
"contig138393_98771_191959_98448_145329_215200","Q4V7D6"
"contig24180","Q8BVG4"
"contig2282_105688_104328_7947","Q8SQ27"
"contig97352_151359_175689","P08775"
"contig204986_65743","Q13627"
"contig149879","No_Uniprotmatch"
"contig178034","Q68CP9"
"contig147167","Q99523"
"contig148911","Q8BZN6"
"contig147758","Q9UKV8"
"contig205064","Q9UHP3"
"contig112565","Q5SXY1"
"contig171697_182392","No_Uniprotmatch"
"contig92993","Q25197"
"contig181711","No_Uniprotmatch"
"contig181507_171509","Q3UPL0"
"contig109305_147574","Q5R7W2"
"contig203882","Q9ESK8"
"contig193061_112251_218841_193791","O15050"
"contig210187_17884_73723","P11528"
"contig3504_180902","Q9NX74"
"contig145012","O95140"
"contig152136","Q8MVR1"
"contig152287_4157_196610","Q8BTJ4"
"contig152469","C3Y6G4"
"contig167374","Q2Y0W8"
"contig55978","Q9CZV8"
"contig155759_107944","O77562"
"contig152332","Q804T6"
"contig167111_20150","Q4VA61"
"contig176180_78971","Q62077"
"contig147088","Q6P7W0"
"contig203948","Q27128"
"contig115086_128720","Q9QXZ0"
"contig151680_194551","Q5RDG4"
"contig81245","No_Uniprotmatch"
"contig189424_210420_205592","Q6ZPQ6"
"contig205171_146684","Q9UIL4"
"contig145129","P11087"
"contig170761","No_Uniprotmatch"
"contig80309","Q8WTS1"
"contig150452_81742_180562","Q86UL8"
"contig178069","Q1HA50"
"contig204083","Q99081"
"contig80990","Q03001"
"contig116751","Q9Z2D1"
"contig111795","Q5TC82"
"contig116443","Q9ES46"
"contig152791","Q9BV94"
"contig146559_191353","Q6TMK4"
"contig146760","Q8N3C0"
"contig179756","Q15075"
"contig66406_186203","P23004"
"contig176437","Q6XLQ7"
"contig71275","Q8CIB5"
"contig170345","O08874"
"contig168017","Q9NR09"
"contig145139_68990","Q5VYJ5"
"contig169746","Q68F77"
"contig173645","No_Uniprotmatch"
"contig78843_137199","Q3T0T7"
"contig176047","Q6JHU9"
"contig199962","P18395"
"contig65928","Q9Z2A8"
"contig72626_152881_174964","Q96DN6"
"contig56225","P11498"
"contig176598","Q99NH0"
"contig146313","Q7TP36"
"contig110762_169357","Q9NR09"
"contig146458","Q80Y98"
"contig146718_75783_109513","P22793"
"contig169954_108476_69452","A2TUL7"
"contig81802_201949","Q9P2D1"
"contig176071","Q1HA50"
"contig170277_177948","Q9DEQ4"
"contig47191_158741_16992","No_Uniprotmatch"
"contig209932_4550_104321","Q91WD1"
"contig52211","A3KGK3"
"contig145229","Q8IUB2"
"contig147500","Q58DL5"
"contig148608_81935_139066_54798_107122_7196","Q16720"
"contig204108","Q9R1C7"
"contig78221_5815_178616","Q811Q2"
"contig75408","Q99NH0"
"contig108277","Q96PE2"
"contig149913","Q6GQT0"
"contig9859","Q9BXW6"
"contig80865_73463","Q9P2E5"
"contig178682","O95819"
"contig105230_177598_175873","P19615"
"contig174357","Q99816"
"contig147991","Q8VHQ7"
"contig66657_153235","Q5R2J4"
"contig68179_169491_204145_210048","P22182"
"contig60280","A6H584"
"contig148479","Q5TC82"
"contig147691","A7MB16"
"contig69608_75428","A8MU46"
"contig144923","Q99996"
"contig15913_169684","P27465"
"contig181920_72638","Q71F56"
"contig111473","Q96AY4"
"contig73296","Q76LL6"
"contig175847","Q15637"
"contig151046","Q6JHU9"
"contig144756_159110_160473","A1L3F4"
"contig205558","Q09666"
"contig148133","O94885"
"contig148405","Q5UPS6"
"contig150781","Q60431"
"contig178586_175684_23849_160956_208272_145368_153923_22431","Q80TE4"
"contig123587_153243","P62916"
"contig181789","Q5F383"
"contig16741","No_Uniprotmatch"
"contig145758","P13538"
"contig147971","Q7ZX22"
"contig153382","Q8WP19"
"contig203831","No_Uniprotmatch"
"contig76468","Q99JW4"
"contig96568","Q96C34"
"contig110730_196658","C3Z8R6"
"contig145219","Q9U943"
"contig115739_151941","Q70CQ2"
"contig148070","No_Uniprotmatch"
"contig108144","F0ZIE1"
"contig150073","Q3T000"
"contig81528","Q99758"
"contig143755","C3XPW7"
"contig145483","Q5GN48"
"contig81678_98811","Q502P7"
"contig147552","Q5RBA4"
"contig75590","P18422"
"contig208994","Q14789"
"contig174767","Q7ZUW2"
"contig190846_153215_18527","A2CI35"
"contig177631","Q5F489"
"contig161011_15098","P13944"
"contig173711_148574","F6YJX3"
"contig146393_18456","Q6IQ55"
"contig174969_116469_179308","Q12288"
"contig65391","Q01177"
"contig170617","P19137"
"contig177298","O88428"
"contig98514","Q9UK61"
"contig117081_77977_78164","A2AJ76"
"contig151269","A9CB34"
"contig92057","O60879"
"contig180399_153252","Q03001"
"contig117362_173235","Q6R4Q5"
"contig171499","Q9U943"
"contig68483_186650","Q8BKZ9"
"contig99828","Q9NY64"
"contig75162","Q9UHB7"
"contig171597_158340","Q5U367"
"contig117148_130097","O80983"
"contig146072","Q08731"
"contig82991","Q0V9J5"
"contig179528_211716","P70705"
"contig158053_64757_191590_145883","Q2VB19"
"contig218584_115138_99028","C5MBA7"
"contig211421","Q6DKN2"
"contig145805","Q8K0V4"
"contig149738","Q68ED7"
"contig170292","Q95209"
"contig149667_11188_148559_20490","P17713"
"contig106514_117255","Q08CS6"
"contig145103","A3KPW9"
"contig60650","O60282"
"contig131297_171132","Q96PE2"
"contig212458","O15050"
"contig99157","Q9EPK6"
"contig106020","Q9EPU0"
"contig171364","Q5RB35"
"contig145388","Q7Z6Z7"
"contig148697","Q9Z1N3"
"contig147022","O00468"
"contig208355","Q8TEW0"
"contig203374","Q6V0K7"
"contig55742","P22793"
"contig58263","P29674"
"contig136490_94247","Q90623"
"contig74105_112701_170961","O16025"
"contig145884_204728","P36898"
"contig104683","Q4R4J0"
"contig115542_109071","C3Z4W9"
"contig60558","O54988"
"contig73313","Q6GM16"
"contig177386","Q2QL78"
"contig204311","P30793"
"contig174583","Q5THJ4"
"contig158886","P14314"
"contig151111","Q9EPU0"
"contig167930_149504","O94966"
"contig148553","Q62077"
"contig177737","Q7ZT42"
"contig205011","F1R5B3"
"contig148569","O55192"
"contig172277_175697_186844_99186_115914","Q9I7U4"
"contig104888","Q9Z3R8"
"contig151866","Q4A0V8"
"contig145274_15631_72475","A2AX52"
"contig26382_187757_137921_76998_66531_52954_148977_91410_105322_203802_151804","Q9UKN7"
"contig59940","Q924T7"
"contig176343","No_Uniprotmatch"
"contig183632","Q9Y5Z4"
"contig80933_181352","Q2LXM9"
"contig150969","O15027"
"contig204139","Q6PB93"
"contig60454","Q08DV5"
"contig70554","O00507"
"contig79419","Q6JHU9"
"contig97719_114089","Q08E13"
"contig950","A2T812"
"contig78855","O75153"
"contig600210","P53702"
"contig188866_208358","C3Y9T2"
"contig208324","O00468"
"contig176994","O46037"
"contig147130","Q96483"
"contig75205_159073_81506","Q9U943"
"contig92386","D3ZDI6"
"contig188932_80336","Q9EPX2"
"contig175607","A6NC86"
"contig189092_72866_160479","A1L1W9"
"contig81953_107928","O15034"
"contig210728","C3ZLQ8"
"contig103420_192191","Q7TSK7"
"contig194579_169175","P67963"
"contig114408","Q5F383"
"contig179042","Q7ZVY5"
"contig59281_147133","Q91X43"
"contig158010_15962_53100","O55012"
"contig105351","Q03001"
"contig196008_74613_169873","Q66L42"
"contig125163_110779_114327_189920_147446_208200","P97432"
"contig201995","P54319"
"contig110291_157459_12994","Q8IV36"
"contig149045","Q8IZD2"
"contig99128_201828","O00566"
"contig114271_153446_165337","B2DCR8"
"contig68811","O43897"
"contig98380_198814","P41180"
"contig147426","P29147"
"contig147491_176634","Q5R802"
"contig157622_69797_191059","Q869E1"
"contig191549","Q9UHB7"
"contig26120","Q6ZWJ1"
"contig146720_600025","Q6DJI9"
"contig152390","No_Uniprotmatch"
"contig194294","No_Uniprotmatch"
"contig59639_74766","O88799"
"contig145269","P20000"
"contig97794_175986_93895","Q3SA49"
"contig128322","Q7T105"
"contig151546_188572","Q5S007"
"contig116855","No_Uniprotmatch"
"contig115662","Q4QQV2"
"contig176712","P38650"
"contig146904","Q4R8N7"
"contig106040","Q4A0V8"
"contig106571_177053","No_Uniprotmatch"
"contig153217","Q8VDM6"
"contig72800","Q9D9M5"
"contig168891_22858_82951","Q01728"
"contig171879","Q5FW46"
"contig115666_188943","O60494"
"contig105927","B3S273"
"contig148839","Q9QY02"
"contig68659","Q66T02"
"contig80002","A2AH22"
"contig151933","Q96L93"
"contig180072","P70191"
"contig145776","O08873"
"contig145127","B0DCR9"
"contig99611_146378","P28047"
"contig169455","Q91048"
"contig105711","Q9BXW6"
"contig147736","P09327"
"contig106502","P08239"
"contig192014_80914","Q5BKC9"
"contig70708_150207","Q8CJ19"
"contig23372","P21670"
"contig209429","O18158"
"contig149247","P81069"
"contig104924_181273","Q8IWY4"
"contig68123","Q9N1R6"
"contig145149","P02462"
"contig204391_146508_4714","Q8BTM8"
"contig175531","P53448"
"contig205564_153803","Q9CYC6"
"contig600105","Q7SYE0"
"contig168116","O77792"
"contig204633","P30051"
"contig169766","No_Uniprotmatch"
"contig600023","Q5VT06"
"contig80341","Q5RJA1"
"contig56902","Q9BUZ4"
"contig99246_157131","Q95SX7"
"contig171582_188025","P00994"
"contig185039_81799","A2AJ76"
"contig115884","No_Uniprotmatch"
"contig74772_202382_25954","Q9BSW2"
"contig147384_155119","Q92870"
"contig209992","C4LU72"
"contig210418_112222_76291","Q8VHI4"
"contig152233_77432_151761_112481_115659_150310_179328_80859_178375","P22897"
"contig145829_189950","P35444"
"contig128253_195782_185208","Q5REB9"
"contig178859","B5X4E0"
"contig72844","O75581"
"contig147502","Q9I9M5"
"contig132765_144910_159598","Q8R1S4"
"contig15732_147452_158234_191550_106044","Q6P2K6"
"contig159328_147784","P0CE10"
"contig152385","Q7TMY8"
"contig209820","P28648"
"contig175638","Q4V786"
"contig58246_72479","Q8R4K8"
"contig78433_204812","Q62371"
"contig21428_114944","Q12955"
"contig169530","Q16665"
"contig115594","Q9P2J5"
"contig171719","Q8N3C0"
"contig81204_18674","Q6DFF6"
"contig169620","Q91048"
"contig147558","D1FX76"
"contig153340_22603","P49337"
"contig5116_205953_205189_112171_176957","Q9D4H7"
"contig88503","Q96RW7"
"contig205491","Q9Z2E9"
"contig82421_170935_52317","Q9Z139"
"contig211481","Q95ZE9"
"contig71319_151538_600090","Q63028"
"contig53229","E5S095"
"contig204887","Q13153"
"contig169379_104861","Q7T2D0"
"contig71716","P25391"
"contig68314_211057_167495_79687","A7E2V4"
"contig203572","Q14114"
"contig104728","Q5R7X2"
"contig73383","Q5SFM8"
"contig182217","A1L1W9"
"contig12317_200306","Q9NZW4"
"contig211407_150611_137403","Q8TE57"
"contig144883","Q28247"
"contig148027","Q9VXF1"
"contig151732","Q8R4G6"
"contig70775","P23468"
"contig79474","Q3MHY1"
"contig600246","No_Uniprotmatch"
"contig147082_181446_180226","Q02357"
"contig169073","No_Uniprotmatch"
"contig124550_153083","Q17LW0"
"contig81012","C8YR32"
"contig169177","P54145"
"contig104337","Q8SQG9"
"contig170293_175617_146715_170931_172002_176514","Q5DU31"
"contig60714","Q7ZYA7"
"contig72052_219098","Q9QYC1"
"contig208310_37123_19693","P22105"
"contig51424","Q29RU2"
"contig106153","P05094"
"contig43945_99592_147389_150415_83321","Q7T2Z5"
"contig199853_15818_71160","Q14432"
"contig169125","F2DLN1"
"contig174783_217278","Q64605"
"contig51300","Q8TF32"
"contig171086","Q16760"
"contig160267_120146_146359_153351","Q810B6"
"contig146899","Q8WXG9"
"contig213868","Q7KZ85"
"contig170527","Q03001"
"contig81768","A0JP86"
"contig66746","Q9QXL2"
"contig147000","Q9Y6W6"
"contig65197","Q8VDJ3"
"contig152806","P41252"
"contig75970_157393_97675_195637_177267","Q8JZR6"
"contig170159","P57747"
"contig11991","Q5R5J1"
"contig149477","Q2VLG6"
"contig169142_73695_205506_6537_54950_77849","Q92616"
"contig211362_204197","O94808"
"contig185372","Q64581"
"contig146591_146527","Q8R508"
"contig170562","Q14247"
"contig205198","Q9V9J3"
"contig73747","Q8IDX6"
"contig213775_205605","Q5PQT2"
"contig213798","P11046"
"contig74584","Q5BKC9"
"contig174533_129330","P84039"
"contig110042_147189","Q16204"
"contig173625_158822","Q5F415"
"contig170725","Q6ZPE2"
"contig600043","Q552M5"
"contig203792","Q96RW7"
"contig196116_215641_153041","O00534"
"contig74119","Q803Z2"
"contig111329","Q9Y485"
"contig204641","Q9UI42"
"contig153026_138087","Q8TZY2"
"contig211887","Q2KJI2"
"contig147902","P22793"
"contig79849","Q9Y2E4"
"contig205123","E9CI53"
"contig169269","O97676"
"contig148849","O76329"
"contig204565","P19137"
"contig78581","O97676"
"contig151608","Q86VN1"
"contig168077","Q5PPM5"
"contig213418","P21576"
"contig188780","P21913"
"contig219027_216752_81986_13858_78385_105268_181118_177915","No_Uniprotmatch"
"contig170461","Q62440"
"contig204243","No_Uniprotmatch"
"contig77641","O88809"
"contig147421","Q62638"
"contig68192","Q8WXG9"
"contig600027","Q7Z3G6"
"contig183883","P86854"
"contig93133","Q2TA03"
"contig75897","Q07883"
"contig173150_216179_165190_163101_185313","P10079"
"contig184520_104353","Q99758"
"contig116582_130465_132724_115037_169229","P70211"
"contig150981","Q49GP3"
"contig179067","Q5REU4"
"contig173382","No_Uniprotmatch"
"contig204194_204849","Q14444"
"contig82570","Q13395"
"contig150311","Q14149"
"contig209186","Q08E13"
"contig70750","Q8BU30"
"contig148088","Q5VYJ5"
"contig93510","P23468"
"contig79385","Q9NYQ6"
"contig171640","Q9H720"
"contig82397","Q15652"
"contig204398_111448","F2U3Q1"
"contig172147","Q9Y485"
"contig147289","O43897"
"contig97232","O88818"
"contig177065","Q96EZ8"
"contig56299","Q76LL6"
"contig147437","A2A2Y4"
"contig76280","Q2TBA3"
"contig214047","Q9D2U5"
"contig147684","Q8K135"
"contig150747","P23770"
"contig149682_207832","Q9Y4A5"
"contig150702","A2AH22"
"contig171226","O95071"
"contig150669","Q5T011"
"contig186459","Q86Y13"
"contig109325_210663_80562_73551_131276","P30825"
"contig145811","Q6V4S5"
"contig195785_150018_192516_213796","Q8BJ56"
"contig14286_98692_153842","Q6P2Z0"
"contig106492_69770","Q8K4Q0"
"contig147912_72201","Q9Y597"
"contig151607","No_Uniprotmatch"
"contig151596","Q9YIB9"
"contig216715","C3ZWG8"
"contig114895","Q9DBY1"
"contig145124","Q6P4Z2"
"contig194973_70694_72150","C3YDH5"
"contig172055","Q8C9E8"
"contig151737","No_Uniprotmatch"
"contig178714_148644","Q4KSH7"
"contig178667","Q96S53"
"contig170911","P57076"
"contig147532_178830","P14381"
"contig174844","No_Uniprotmatch"
"contig213510_183336","P06646"
"contig144897","P58421"
"contig60572","Q99MJ9"
"contig191892_153521_182412_178512_59234","P46530"
"contig104231","O88809"
"contig153236","Q95209"
"contig283_18447_195285_23282","E7FDB3"
"contig211092","No_Uniprotmatch"
"contig179098_179878","P54318"
"contig69436","Q99KW3"
"contig208061","Q9EQW7"
"contig168743","D7FRJ7"
"contig69062","Q14789"
"contig172068","O00533"
"contig58841","D8LR46"
"contig153206","Q8K4Q8"
"contig157871_177187","Q3SZR9"
"contig58989_152821","Q57307"
"contig151252_119043","O70279"
"contig74063","P46807"
"contig104402","Q07883"
"contig109490","P07942"
"contig204059_107223","Q9U943"
"contig151009","O14514"
"contig170530","B3LW80"
"contig159923_52248","Q8JZP9"
"contig99296","P25386"
"contig87210_23410","Q5PRF9"
"contig213956_153556_162363_174949","A0ZSK3"
"contig212772_149597","Q6J1Y9"
"contig149707_211609","Q6R005"
"contig190703_124989_101083_158303","Q9P2E3"
"contig204814","Q7TN88"
"contig13725_18408","O88453"
"contig152471_189632_99286_113725_72863","Q62165"
"contig99511_75664","A2VDN5"
"contig209942","Q552Z2"
"contig145232","Q8NFD5"
"contig150143","Q8BGZ3"
"contig53711","Q6GVH4"
"contig110542","Q9JMH6"
"contig204494","No_Uniprotmatch"
"contig150432","Q9VT28"
"contig169236","Q10741"
"contig72378","B7ZC77"
"contig114144","Q5RD00"
"contig116505","Q5PPJ9"
"contig174987","O94808"
"contig69206","Q9Y2E4"
"contig23041_18887_150043_72384_117611","Q92542"
"contig69780","P16086"
"contig106602_73004_97937_65287","O60494"
"contig212549_26095","P33206"
"contig70859_157889","A2VDZ9"
"contig8312","Q68UT7"
"contig147981","P83741"
"contig151144","Q01082"
"contig215776_71425_82871_73333","No_Uniprotmatch"
"contig153769","F2Z929"
"contig17777_81567_169755_81042","Q9ULH1"
"contig148021","Q9Y2M2"
"contig210528","P15178"
"contig184704","Q8VCD6"
"contig203711","Q9Z1K5"
"contig175947","P25822"
"contig186291_70748","Q15750"
"contig147996","P52873"
"contig204076","A2RRS8"
"contig155288","No_Uniprotmatch"
"contig71572","Q60631"
"contig75810_203869","Q9D0F3"
"contig47204_112309","Q2PZL6"
"contig179970_204724","Q6YHK3"
"contig600158","P42694"
"contig140127_192377_204936","No_Uniprotmatch"
"contig169277_76064","Q96RW7"
"contig70751","Q8AY68"
"contig202999","Q14789"
"contig147913","Q9BYB0"
"contig147427","Q9NZM3"
"contig172061","O15050"
"contig167971","Q9Z1G4"
"contig169508","No_Uniprotmatch"
"contig170681","C0HAC0"
"contig109530_169158","Q92597"
"contig76909_114071","Q5U3S7"
"contig107869","Q2KJG3"
"contig220115_23905_173778_182531","P10079"
"contig150901","Q4GZT3"
"contig147635_106719","Q8K0Q5"
"contig152706","C3XPW6"
"contig98321_145177_203088","Q9QXZ0"
"contig151253","Q53GD3"
"contig74167_160319_110985_116057_150040_216583","Q9NZJ4"
"contig81126_152598_149386_175850_159496","Q91736"
"contig146902","Q02391"
"contig171313","A5D8W1"
"contig65540_154518_183049","Q6GM44"
"contig59420_208168","P20072"
"contig148119","B1AVY7"
"contig203979","A3KFU9"
"contig55051","Q14789"
"contig148341","Q8WV93"
"contig152048_210873_207983","Q2TBA3"
"contig77364_120142","Q9ET30"
"contig149076","Q6ZQ88"
"contig202484_211982","Q8AXU9"
"contig82346","No_Uniprotmatch"
"contig176620_148209","Q86HQ2"
"contig133613","Q9NRA8"
"contig177261_177284","Q9BVG9"
"contig72524","F6YVJ3"
"contig600184","P02457"
"contig52594_192245_70330","P28570"
"contig152705","Q8BMD8"
"contig97571_181998_117161_70589_140733","Q969H0"
"contig150828","O02695"
"contig56834","Q9NR99"
"contig205675_174682","Q9R244"
"contig7775","O45686"
"contig137306_212438","C3ZQA1"
"contig76821","No_Uniprotmatch"
"contig114104_138225_145767_114347","A2AHL1"
"contig148655_158040","Q4JIM5"
"contig147650","Q8R179"
"contig153482","P30975"
"contig600007","P12108"
"contig75640_114316","Q8TBZ3"
"contig167006","Q3ZBG9"
"contig210908_181315","Q6PAL0"
"contig60531","Q5THJ4"
"contig147032","Q5U239"
"contig137899_99358_189321","P28663"
"contig168814","P50637"
"contig146705","O35413"
"contig210029","Q99LC5"
"contig205523_131669_155195","Q8IZF6"
"contig167107","No_Uniprotmatch"
"contig106576","Q18411"
"contig58648","Q05360"
"contig146321","No_Uniprotmatch"
"contig175753","Q5R5X0"
"contig106104_170621_151951_205178","O00268"
"contig107824","Q9Z1G4"
"contig205373","B7QNR4"
"contig150667_99568","Q9Z173"
"contig73189","Q5BKM4"
"contig177336","A8E5V9"
"contig58754_151645","Q5RHP9"
"contig176518","Q5XGS8"
"contig166209_25040_148527","Q3U0S6"
"contig92998","Q8HXY7"
"contig218342_176819_150000_112665_179111_149349","O15050"
"contig145037","Q28824"
"contig151807","Q9U3W6"
"contig56416","P47736"
"contig137942","Q6ZMW3"
"contig204842","Q9D8X5"
"contig72979","Q9PWH2"
"contig182567","Q9V3A6"
"contig77862_150672","Q9VS29"
"contig152070_116511_170517","Q9UHJ3"
"contig58151","P38942"
"contig69802","P56558"
"contig204743","F4DYR1"
"contig149702","Q8VDM6"
"contig170470","Q3LG56"
"contig109226_69651_156178_60739_76226_170851_20986_171002_20099","Q9NR16"
"contig207955","No_Uniprotmatch"
"contig68627","D0A0Q2"
"contig148077","P28570"
"contig145548_9320_104690_211922","A2A9C3"
"contig203672","P95329"
"contig147793","No_Uniprotmatch"
"contig169215","Q28092"
"contig169268_51663","No_Uniprotmatch"
"contig117604","A6QM00"
"contig108275","Q28CJ6"
"contig205092_175859","A2AX52"
"contig149751","Q9QZQ0"
"contig152800","Q5ZJK8"
"contig113998_146736","Q91738"
"contig168623_71155_76345","P25054"
"contig116500","Q96RW7"
"contig113334","Q5BKC9"
"contig120131","Q9QXK3"
"contig153021","Q05546"
"contig182331","P86854"
"contig213333","P16068"
"contig147089","D8PAU6"
"contig17887","A1L1W9"
"contig159236_69446","Q810U4"
"contig146120","Q8TCT0"
"contig117054","A4K2W7"
"contig209596","No_Uniprotmatch"
"contig149271","C3Y9Z9"
"contig145271","A4IG59"
"contig98547","Q14789"
"contig106668","Q6IQ26"
"contig109151","Q0III3"
"contig145531","P49446"
"contig75173","Q8N7X0"
"contig111115_117220","Q9CRA5"
"contig171729","A1X283"
"contig169169","P23468"
"contig179946_184082","D8LW59"
"contig204916","O95155"
"contig145236","Q5VV63"
"contig68664","Q6AYM6"
"contig148914","P29074"
"contig147263","Q8IZD0"
"contig54237","D0A0Q2"
"contig210683_175787","Q90705"
"contig105704_97697","O15484"
"contig151823","Q91VS8"
"contig105974","P07339"
"contig78879","Q9DBI0"
"contig215543_214932","Q9H987"
"contig182734","Q9UPU3"
"contig600171_199683_78856","Q90WR8"
"contig170085_68701","P11532"
"contig174469","O54834"
"contig119904_185326_98564_209377_218866_171765","Q86WG5"
"contig53812","Q5GN48"
"contig52740","O88278"
"contig212693_179075_148874","Q08BR4"
"contig167548","No_Uniprotmatch"
"contig111678_83418_77108_24690","A2AG06"
"contig203453","O35607"
"contig10918","P26233"
"contig145122","Q9NZM3"
"contig149293","P18519"
"contig165732_218702_216599","No_Uniprotmatch"
"contig169991","Q64512"
"contig152946","O55003"
"contig60124","No_Uniprotmatch"
"contig148964","Q05116"
"contig146658","Q07157"
"contig147968","Q91VS8"
"contig150870","P49620"
"contig111815_72313","A2AJA9"
"contig71584","Q6V1P9"
"contig68122","Q9D032"
"contig79470_60848","Q863A0"
"contig150414","Q9CR50"
"contig75811","Q9BQS2"
"contig68520","Q15723"
"contig219343","A6QLI0"
"contig107632_139787","P43249"
"contig213772","P86854"
"contig94222","P12111"
"contig194934_145168","Q9H6X2"
"contig146707_149541","O94913"
"contig169880","No_Uniprotmatch"
"contig149936_131441_204066_157538","Q9ULT8"
"contig151303","Q2KJI2"
"contig77020","P70426"
"contig159573_185160","Q495B1"
"contig55911","Q03001"
"contig170898","Q63054"
"contig76357","Q6NRZ1"
"contig152190","A8C9L9"
"contig169284","P16086"
"contig120096","Q32MH5"
"contig189419_26099","No_Uniprotmatch"
"contig137759_151282","Q9JLR1"
"contig151155_152856","Q5M7N9"
"contig150962","P02469"
"contig170290_145772_177129","Q9HCM7"
"contig203539","P12111"
"contig105822","No_Uniprotmatch"
"contig146694","Q9NQT8"
"contig204822","No_Uniprotmatch"
"contig147169","C3ZB55"
"contig104695_169386","Q86TI0"
"contig82728_157285","Q7Z401"
"contig204806","No_Uniprotmatch"
"contig183376","No_Uniprotmatch"
"contig182873","P0CE10"
"contig204160","Q0V8T8"
"contig55572","Q6UE39"
"contig145287","C3Z7Q9"
"contig145708","P18293"
"contig209079","Q28685"
"contig21437_106638","P19218"
"contig151442","P42674"
"contig56660","O95980"
"contig151592_167005_440","Q05000"
"contig152047","No_Uniprotmatch"
"contig177856","Q9U943"
"contig203086","Q70CQ4"
"contig150125","P23508"
"contig174291","Q8NKE2"
"contig131031","No_Uniprotmatch"
"contig74042_176003","Q9R0Q6"
"contig148712_16847","Q66KM5"
"contig144810","Q5TZA2"
"contig19838_140172_174762","P19491"
"contig203807","Q64512"
"contig153647_25470","Q9ERV7"
"contig150472","Q4QQV2"
"contig212870_151407","Q9Y222"
"contig171100","Q15828"
"contig118594_107459_145808","Q8BI21"
"contig93670","Q8R151"
"contig150848","B1B1A0"
"contig82487","P40501"
"contig157394_151644","E1C2V1"
"contig13736_178664","Q7ZX59"
"contig71058","Q9EPN1"
"contig144907_193212","A2AX52"
"contig114829_170976_600076_145434_138914","Q9Y6X9"
"contig203937","Q4KLN7"
"contig147314","B3DLH6"
"contig147065","Q9NZM4"
"contig207326","Q8R3Y5"
"contig151381","Q6DRG1"
"contig147973","Q9HCK4"
"contig146570_76786","O54991"
"contig169095_205712","P08121"
"contig146944","P50429"
"contig75509","P08138"
"contig13589_65111_147104_195603","O01761"
"contig79739","Q03164"
"contig147127","Q5VV63"
"contig110410_184557_147700_202559_176745","Q8VHH5"
"contig146996","Q5TKR9"
"contig176924","P18321"
"contig169183","P22892"
"contig119392_202327","Q01780"
"contig112079_118285","Q7QG73"
"contig147085","Q801S2"
"contig169818","Q95LZ5"
"contig152518_74705","No_Uniprotmatch"
"contig149390","P16086"
"contig145984","Q91048"
"contig201827","P13670"
"contig210218_176181_138434","A2FNC4"
"contig81317","No_Uniprotmatch"
"contig18832_205563","Q5TCZ1"
"contig183150","No_Uniprotmatch"
"contig77733","Q9WUB3"
"contig171627","Q5RD69"
"contig65429","P49013"
"contig146089","Q29503"
"contig210030","Q62440"
"contig96606_147485","Q9BYJ9"
"contig107980","Q2MCN4"
"contig203965_22146_95985","Q149F1"
"contig207075","P10079"
"contig151774","A9ZSY3"
"contig176446","O57321"
"contig140063","Q5REU4"
"contig82867_150541","No_Uniprotmatch"
"contig106582","No_Uniprotmatch"
"contig151374","P35220"
"contig98076","Q4A0V8"
"contig153309_188810","Q8QG61"
"contig148601","No_Uniprotmatch"
"contig80648","Q6INU7"
"contig152159_211936","Q7Z401"
"contig146936","O75096"
"contig69290_79583_138673","Q6NVN0"
"contig110646","P56721"
"contig68296_76546","Q14005"
"contig170203_168062_170000_192685_149396_148597_111110_138614_8273_145105","Q6ZRS2"
"contig60247","P42346"
"contig169797_208072","Q96QZ7"
"contig148397","O01761"
"contig174871_109095_179917_189616","Q9VS29"
"contig42184_94419","Q1LUA6"
"contig146450","Q9NZJ4"
"contig171282","O00267"
"contig175680_176054","Q6P4Z2"
"contig175798","P08003"
"contig171641","Q71F56"
"contig168770_108566_170592","Q1PRL4"
"contig156306","Q0VD48"
"contig179166_204018","A1L390"
"contig179491_138956_205223","Q8WZ42"
"contig68897","E2B9X6"
"contig176028","A2AX52"
"contig75619","Q8NB59"
"contig168042","P0C1X8"
"contig146914","Q6ZUJ8"
"contig70006","O55192"
"contig150269","Q5ZIJ9"
"contig147615","B3S5D2"
"contig150272","O15034"
"contig146695","O75487"
"contig147005_53876","Q5T5U3"
"contig166938","Q9JMH9"
"contig151129","Q923M0"
"contig107337","C1FXW9"
"contig203818","Q66X93"
"contig147555","Q8N695"
"contig127045","No_Uniprotmatch"
"contig199663_110896_113455","Q80T79"
"contig210162","No_Uniprotmatch"
"contig175979","O57683"
"contig145212","P02461"
"contig74632","Q9NYQ6"
"contig145508","Q3ZCF5"
"contig176653","Q8VHQ7"
"contig192206","Q8N336"
"contig24861_147584_159704","Q08CX1"
"contig169320","Q6VY07"
"contig145042","Q14669"
"contig176537","P97784"
"contig147668_196078","Q00963"
"contig145025","Q03001"
"contig145199","P83038"
"contig153067_152845","A4D0V7"
"contig75834","P23508"
"contig153801","Q5RBI4"
"contig147168","O54834"
"contig8177_155444","C3Z9V8"
"contig204376","Q13439"
"contig98290_158902","Q7L2J0"
"contig153503_113662_65275","Q14161"
"contig97302","P04035"
"contig115663_109148_107597","Q2M148"
"contig180349","Q9YGS2"
"contig145685","Q8K1Y2"
"contig107521","P54920"
"contig147409_217600","Q9NZF1"
"contig182781","Q05B18"
"contig76754","Q03001"
"contig145419","O46385"
"contig110510","Q3TZ87"
"contig208352","B7Q1N5"
"contig175837_177069_179124","Q14789"
"contig213084","Q5REU4"
"contig152684_145725_150836_176604_171355","O44712"
"contig68435","Q5BL41"
"contig211683_58672","Q5XI46"
"contig78910","Q5BKC9"
"contig66367_165114_71168","C3YJH2"
"contig114151","No_Uniprotmatch"
"contig147254","Q5VYJ5"
"contig108805_58936_110496","Q92614"
"contig203602","P20073"
"contig214435_77200","Q5U2X5"
"contig23366_108302","P23228"
"contig147742","O00423"
"contig169813","O35607"
"contig205541_72540","P47736"
"contig71394","O35130"
"contig78421","Q6NVG7"
"contig209783","Q14005"
"contig151722","Q9Z2A8"
"contig169237","Q9WV92"
"contig189663","Q61335"
"contig107169_177306_195303","Q9UG63"
"contig2090_150168","P37709"
"contig96409","Q5HZA1"
"contig74639","Q91YN5"
"contig80257","Q9UK61"
"contig97042","B3RUX1"
"contig60580","P55347"
"contig131413_117231_93925","Q8R151"
"contig146790","Q9NXZ2"
"contig145843_81827","Q2TBI0"
"contig147149_209307_186831","Q5R8Q7"
"contig148322","Q86PM4"
"contig171413","No_Uniprotmatch"
"contig151441","No_Uniprotmatch"
"contig68427_108568","Q91765"
"contig148902","F7D7R4"
"contig211919_179573","Q68BL7"
"contig169317","Q16665"
"contig205479_81911","Q9TZM3"
"contig113919","A8NMC2"
"contig207863","P43090"
"contig170963_213821_83322","Q23490"
"contig79060","P0C6B8"
"contig88333","Q8CG09"
"contig60299","A3KGK3"
"contig6896_181763","Q96PK2"
"contig68248","Q07008"
"contig147680","O70593"
"contig148558","Q76KP1"
"contig203381","O76082"
"contig77156","Q9U943"
"contig108067","A8WHP3"
"contig78686","Q5ZL74"
"contig148661_19368","Q04592"
"contig88115","No_Uniprotmatch"
"contig107347","Q32PW3"
"contig207875","Q9WTW8"
"contig180500","Q60416"
"contig93659_147831","Q9CW46"
"contig145092","Q14789"
"contig145380","Q03001"
"contig116981_204064","P47727"
"contig104843","No_Uniprotmatch"
"contig186080","O80983"
"contig150847","P26233"
"contig79649","Q9UHB7"
"contig59520","P25386"
"contig204510","Q7ZUK7"
"contig150949","O18405"
"contig204241_194910","O02703"
"contig82063","No_Uniprotmatch"
"contig130348_16876_103228_198929_183981_18194_105885_192215_126350_73975","Q63HN8"
"contig145109","Q5VYJ5"
"contig73795","Q9P2Q2"
"contig54043","P37879"
"contig202169","Q5PRF9"
"contig105710","P15870"
"contig148075","Q6AYM6"
"contig18084","No_Uniprotmatch"
"contig139456_74268","Q5ZIA5"
"contig104719_204047","Q8IDX6"
"contig52672_66550","O88799"
"contig179863_9172_77355","Q9Z1N3"
"contig73745_152050","Q8IVV2"
"contig8162","Q3U487"
"contig168869_128203_183656_119014","Q06003"
"contig172223_83015","Q4G017"
"contig151406","Q9Z2R9"
"contig181296","Q9R099"
"contig26036_203699","P49282"
"contig78148_175644_75343","P81117"
"contig118724","P10079"
"contig74965","Q9U943"
"contig204910","D7NNA9"
"contig68250","Q9VCA2"
"contig78058","Q8R0S4"
"contig138666","P63696"
"contig153451","Q9Z2B5"
"contig96370","P28799"
"contig193175","Q96AQ1"
"contig8747_154975_145292","Q9H6U6"
"contig97566","Q8ND61"
"contig162527","No_Uniprotmatch"
"contig150493","P15870"
"contig51997","P81439"
"contig207833","Q9DBG7"
"contig57043_104964","Q6I6G8"
"contig176001","D7G8W2"
"contig73531","C4YQQ4"
"contig204001","Q71FD5"
"contig146601","Q6IWH7"
"contig168676","Q96MD2"
"contig180586","Q503L9"
"contig153276","O57460"
"contig112968","Q9BMN8"
"contig153213","Q12965"
"contig150936_82133","Q6PAL8"
"contig171581","Q9NYU2"
"contig186442","Q8CFI0"
"contig177759","Q8AV58"
"contig90394","P70297"
"contig56958","P68907"
"contig146263","Q91W97"
"contig106790_99862_153506","Q01082"
"contig170902","Q99961"
"contig146059","O46385"
"contig66823","P83741"
"contig22756","Q28EW0"
"contig147143_150210_209120","Q9Z139"
"contig600013_189161","Q7ZUK7"
"contig147690","Q5SRX1"
"contig116993","O75095"
"contig146893_195014","P17714"
"contig178576","No_Uniprotmatch"
"contig147246","Q86VP6"
"contig109326","Q66I12"
"contig147198","Q5GN48"
"contig147205_155780","Q99020"
"contig150422_107048_177290_119981","Q01063"
"contig137695_216687","Q3ZBE5"
"contig108201","Q149N8"
"contig97511","P18395"
"contig147347","P48415"
"contig113439_203099_170595_14848","O43390"
"contig54684","Q96RW7"
"contig66289","Q7KRY7"
"contig209336","Q9JMH9"
"contig4072","Q5TCZ1"
"contig158643_83009","O13262"
"contig59244","P97503"
"contig153759_203397","Q5VYJ5"
"contig25023_153104","Q80T79"
"contig98599_194359_140464","Q7Z020"
"contig180799","Q9VCX3"
"contig170030","O88656"
"contig57236","Q2VL90"
"contig204008","Q10751"
"contig145493","O95263"
"contig146326","P08861"
"contig69298","E1B7L7"
"contig106322","Q2T9Q6"
"contig205664_72485","Q20176"
"contig109263","Q13951"
"contig68006","P97367"
"contig169383","Q2KHP8"
"contig146823_99750","Q96JM7"
"contig194171_73127","Q924I2"
"contig79456_98214_18242_43458","P53349"
"contig78416","Q9NTJ4"
"contig600012","B3RP25"
"contig189243","Q13332"
"contig147711","Q28DT9"
"contig169391","Q2Y0W8"
"contig600236","Q35099"
"contig170410","Q14247"
"contig176971_177085","P52209"
"contig169780_165255_158620","P70336"
"contig73351","Q803D2"
"contig148877_171028","Q5GIT4"
"contig80082","Q6I6G8"
"contig180735","No_Uniprotmatch"
"contig5040_147038","Q6DFG0"
"contig179687","Q91YR1"
"contig153512","Q0V9K1"
"contig17937_189785_177733_83266","Q69ZW3"
"contig209464","Q5R9L3"
"contig118456_187141","Q60695"
"contig146789","Q5R416"
"contig145700","Q6V4S5"
"contig51447_178902","P56101"
"contig69964","A8X2R1"
"contig59386","Q6AX33"
"contig140925_68064","P51003"
"contig75250","Q4TU93"
"contig60462","Q9UM47"
"contig178484_208359","P28665"
"contig100259","Q7TT36"
"contig169606","Q9ERG2"
"contig73927","Q8C8U0"
"contig77173","Q9LV03"
"contig97551","Q2Y0W8"
"contig150818","Q26626"
"contig76850_181728","Q9DB30"
"contig125760","No_Uniprotmatch"
"contig180491","A8MWY0"
"contig148080_145956","A2EBQ3"
"contig151077","Q01DA2"
"contig205499","Q9UMX1"
"contig600230","C3YHV5"
"contig147685","Q62440"
"contig145472","P12105"
"contig153328","B0WTK9"
"contig150671","P21580"
"contig178686","O88809"
"contig92431","Q8JHF4"
"contig114659","Q8R151"
"contig144812","Q9UM47"
"contig148948","No_Uniprotmatch"
"contig106896","Q5R448"
"contig174536","Q6NTW1"
"contig204244_147529","Q8K4Q0"
"contig171201","A2ECB6"
"contig203756","A8WHP3"
"contig148716","Q86IV4"
"contig148624","P97784"
"contig27976","Q56A06"
"contig169222","Q6RI86"
"contig212632_179330_204420","No_Uniprotmatch"
"contig168161_53547","Q8TEK3"
"contig191056","Q13310"
"contig65321","Q8BPB0"
"contig59921","Q6NRZ1"
"contig179621","C3ZUG6"
"contig14604_157044_173526_218216_109514_212740","Q9Y6R4"
"contig149078_57008","P97836"
"contig152686_105485","Q95209"
"contig69126","No_Uniprotmatch"
"contig209904","O18728"
"contig169742","P58022"
"contig119684_205019","Q9QYI3"
"contig171619","Q8IXR9"
"contig155893_203857","Q28C55"
"contig157294","P40201"
"contig158343_77996","Q96JA3"
"contig68300","Q6GQ73"
"contig66407","O94759"
"contig172031_211977","Q7TN88"
"contig114677_105595","Q80TM9"
"contig205012","Q9Y289"
"contig148715_156923","Q9NU22"
"contig152777_153218","P52826"
"contig145784","Q16820"
"contig57930_135111_159841","O61585"
"contig215953","Q9EST3"
"contig69073","Q32PR0"
"contig104840","Q6NS15"
"contig202417","Q9VCU9"
"contig211220","Q60519"
"contig600074","Q9VBW3"
"contig110428","Q7ZU99"
"contig140222_154076","Q7KZ85"
"contig202063_130058","Q9H5I5"
"contig152594","O55192"
"contig199118","No_Uniprotmatch"
"contig60727","Q58DL5"
"contig204433","Q95209"
"contig150289_10068_107376","Q5U2Z0"
"contig145524_137715","O95429"
"contig182662_111415","Q58CU4"
"contig145291","O35889"
"contig146900","O94973"
"contig5252_177079","P25304"
"contig194257_194476","Q91614"
"contig76526","Q5RJA1"
"contig77879","P13234"
"contig167661","Q8BZZ3"
"contig21560_18587_11843_219906_152942_150549","O15230"
"contig203221","O64474"
"contig191763_152249_15076","P16333"
"contig74889","P42893"
"contig176740","A8Q821"
"contig70138","Q0VH32"
"contig169906","Q9QYB2"
"contig87383","Q811L6"
"contig189814_208223_13079","P26262"
"contig167994","Q8BFQ6"
"contig204654","P16086"
"contig109615_180762","Q4R4T8"
"contig69455","C3YD39"
"contig150746_154552","Q921G7"
"contig203506","Q9TTR7"
"contig137384","Q9CYK2"
"contig52761_119408","Q6ZQN7"
"contig148824","A8WHP3"
"contig78988","Q58A42"
"contig191566_174279","Q14789"
"contig57307_212866","Q6DJ06"
"contig151702_180368","Q91VZ6"
"contig146515","Q9CPW0"
"contig151794","P20072"
"contig70780","O08816"
"contig169544","O95359"
"contig60737","A0JM49"
"contig203425_158423","Q99L04"
"contig70332","Q6P6Z8"
"contig152199","Q9CR50"
"contig76307_90589_60478","Q5F3V0"
"contig76764","Q96PX1"
"contig175754_59180_189574","P08630"
"contig148557","Q9VW71"
"contig148620","Q9WV92"
"contig148501","Q5VYJ5"
"contig72917_1464_107430","A6QLE6"
"contig65373_119545_20436","P81439"
"contig212919_176082","Q9VS29"
"contig153086","Q8BH86"
"contig56894","Q8BKR5"
"contig148111_153501","P0CE10"
"contig99361_176615","Q66HG5"
"contig65989_157198_147516_204684","Q7T163"
"contig146887","E5T1B3"
"contig139047","Q9NLA6"
"contig148606","Q8R1X6"
"contig168188","Q16820"
"contig108191","Q9VSF3"
"contig72004","Q8BPN8"
"contig99459","Q4QQV2"
"contig150804","Q14789"
"contig210155","Q95LL3"
"contig70250","P26233"
"contig14756_136805_22265_109621","Q9W770"
"contig69692","P19137"
"contig117258_175788","O15162"
"contig98546_23631","Q91Z69"
"contig78707_70959_183869","B0XDJ2"
"contig204638","P35749"
"contig145447","Q8N2E2"
"contig112103","Q5R598"
"contig72672","Q86VQ1"
"contig146793","Q6PFX9"
"contig145273_159563","Q7ZW47"
"contig145441","Q9QZS3"
"contig145775","P16621"
"contig14194","Q5R6R7"
"contig104374","Q9P0L2"
"contig73541_174814","B5DF93"
"contig139117","Q9NJ15"
"contig99679","Q8C6J9"
"contig206045","P63696"
"contig111708_203487_119833","Q3UF25"
"contig68573","Q9ULD6"
"contig136511_147925","Q16706"
"contig151169","No_Uniprotmatch"
"contig52941","P23588"
"contig204148","Q14789"
"contig152404","Q7ZXT3"
"contig205505","No_Uniprotmatch"
"contig148148_151307_109611","A2AFS3"
"contig150791","E9CHL4"
"contig209414","P17431"
"contig146276","Q9NRL2"
"contig145023","O01761"
"contig8577_140623","Q8BQH6"
"contig72310_108238","A1DWM3"
"contig72950","Q8TC07"
"contig147841_218745","Q5XFX0"
"contig204005","Q6V4S5"
"contig177775_113472","P63696"
"contig16499_193586","C3ZWG8"
"contig4624_79205","Q8N7X0"
"contig78542","No_Uniprotmatch"
"contig116775","O97758"
"contig600172","Q5R4Y2"
"contig116375_162830","A8TX70"
"contig110514","Q92870"
"contig72793","O35116"
"contig151513","Q96GR4"
"contig66170","Q7Z304"
"contig167657","O08874"
"contig146732","P41180"
"contig60399","Q99747"
"contig145162","Q8VHR5"
"contig76327_211015","P15336"
"contig97366","Q9N1R6"
"contig174447","O08839"
"contig106013_112184","O01761"
"contig147172_174704","O95071"
"contig203791","Q3B5G3"
"contig58614","A6PWD2"
"contig72880_127006_56368_97883","Q28C33"
"contig169471","A0JP85"
"contig77710","P04176"
"contig73141","Q6RUV5"
"contig158042_207941","Q3T0L2"
"contig170586_147753_174422","Q9U943"
"contig159584_70230_186342_600040","Q9ULT8"
"contig189351","Q25632"
"contig203716","Q5VYJ5"
"contig58203","Q8BYR2"
"contig153413","Q9QZA6"
"contig170175","Q6PDK2"
"contig191774","Q7ZWW7"
"contig202303","P82198"
"contig148625","Q32NR4"
"contig600089_7798","Q60519"
"contig151723","Q8IXR5"
"contig146526","Q14980"
"contig69092","Q9Y6Y1"
"contig76440","O43897"
"contig82297","Q9CQ19"
"contig170276","Q5TGI0"
"contig216261_112676","Q8TEW0"
"contig203566","O57683"
"contig167873","O94915"
"contig209072","P15690"
"contig151926","Q6DDW2"
"contig145110","Q63665"
"contig25667_20658_77724_60167_209292","Q6E2N3"
"contig107912","Q6ZN06"
"contig107436","B3S6H9"
"contig174312_92668_146834","F2ULT3"
"contig172060","Q6DKN2"
"contig97677","No_Uniprotmatch"
"contig68333","Q6PDK2"
"contig147060","Q99MJ9"
"contig11593","Q01968"
"contig171300","Q6GQB9"
"contig167812_219222","Q2QLA1"
"contig168134","O81635"
"contig178537","A2D7I5"
"contig211360_55358_26056","Q9JIS1"
"contig179823","Q4C0C6"
"contig147797","Q58DT4"
"contig70128","Q9VS29"
"contig76794","P52209"
"contig148654_175830_115564","A3KPW9"
"contig152802","Q9TV36"
"contig145491","Q6A028"
"contig80844_153705","P22934"
"contig145789","Q3US41"
"contig145266_153552","Q68FD5"
"contig151755","P08138"
"contig68943_170921","A1A4J7"
"contig99213","A5D7I4"
"contig80628_147360_174537","Q96RW7"
"contig153257","Q9Z2A8"
"contig180192_139337_58559","O24145"
"contig205657","P18519"
"contig177498","P0C5J4"
"contig203537","Q5F471"
"contig146909","Q2LD37"
"contig151341","Q3ZC89"
"contig215266","C3ZLQ8"
"contig11062","P39053"
"contig148344_151555","Q5RDQ2"
"contig169678","A4IGY6"
"contig149706_180301_115078_158325","Q56I99"
"contig174594","Q8NFD2"
"contig203462","Q08BR4"
"contig209563","P21580"
"contig185133","P35918"
"contig111802","O43390"
"contig104724_106426_218375_76241_14142","P46109"
"contig151852","Q9NRA8"
"contig600132","No_Uniprotmatch"
"contig183220","P86854"
"contig80487","Q8K4Q0"
"contig76940","P78318"
"contig212630","No_Uniprotmatch"
"contig52141","P85037"
"contig18360","P08775"
"contig92188","Q12965"
"contig81217_138533","Q64428"
"contig209439_94172","F0Y077"
"contig145347","P81069"
"contig174466","Q7A362"
"contig145316","P09917"
"contig182558_92708_203245_107698_209468_169817","Q6ZM86"
"contig153407","No_Uniprotmatch"
"contig153212","P16086"
"contig205335","P23468"
"contig151112_150505_107037_225_21395_167788_104841_69467_52523","Q96AY4"
"contig177098","Q8CGI1"
"contig114416_193872_203924","Q2PZL6"
"contig148906","Q6CLN9"
"contig182953","P22059"
"contig114221_71766","No_Uniprotmatch"
"contig210259","Q6Y685"
"contig170744","Q8C9W3"
"contig149662_117616_148448","Q9IA31"
"contig55464_209129","O75179"
"contig14703_24352_93157_153249","Q1LVF0"
"contig108044","No_Uniprotmatch"
"contig116353_179514_177265","D5UJ42"
"contig97965_104512","P78314"
"contig211442","Q3B9L9"
"contig99156","Q99MV7"
"contig204365","No_Uniprotmatch"
"contig160645_167704_104472","Q5R9P3"
"contig151849","No_Uniprotmatch"
"contig147236","Q95209"
"contig147665_103947","Q4R4P4"
"contig72591","Q91ZU6"
"contig148089","Q8N3C0"
"contig145136","Q15075"
"contig145406","Q14643"
"contig105941","Q80W71"
"contig152005_180015","Q96RW7"
"contig110014","Q8BMJ2"
"contig149905","Q4R6F3"
"contig54416","Q5VT06"
"contig56441","Q8R4K8"
"contig74694_135369","B1WAS2"
"contig77302","P07942"
"contig174483","Q5TCZ1"
"contig125600","Q5PRF9"
"contig131262_75830_4589","Q99996"
"contig154260","O70628"
"contig151622","P07814"
"contig203426_105499_82479","P26638"
"contig182435","Q55A00"
"contig105517","Q5ICW4"
"contig65783","Q8CFI7"
"contig192645","Q1KLR6"
"contig73287","Q25531"
"contig115921_205151","Q8CDN6"
"contig119352","Q8SWR2"
"contig77219","No_Uniprotmatch"
"contig111743_16733","Q2VWQ2"
"contig75689","Q8K4L3"
"contig172056_195830","Q92609"
"contig199123_177888_159966","Q8IY33"
"contig175897","Q8IV36"
"contig210539_211357","Q0V8S9"
"contig59640","Q12986"
"contig82013_120241","Q3MSQ8"
"contig148743","Q5ZL57"
"contig600047","Q68CP9"
"contig69730","P35061"
"contig148284","P22793"
"contig150812_205885","Q92614"
"contig600064","Q90243"
"contig152065_188432","No_Uniprotmatch"
"contig176147","Q6NVE9"
"contig145407","A0JP86"
"contig210687_152443","Q9C0H5"
"contig145800_170421","P54939"
"contig104718","A4IGL7"
"contig55191","Q96L93"
"contig48304_145382","No_Uniprotmatch"
"contig189103","No_Uniprotmatch"
"contig108691","Q96PE2"
"contig149902_149282","Q68CZ2"
"contig165319_76212_133949","Q9U6A0"
"contig201665","Q9U5M4"
"contig104965_70526_219580","Q14117"
"contig204144","No_Uniprotmatch"
"contig68203","P18907"
"contig73671","Q96L93"
"contig103143_217041","D7F169"
"contig57088","Q8N3C0"
"contig180875","No_Uniprotmatch"
"contig80899","O14514"
"contig204944","No_Uniprotmatch"
"contig20798_103868","P29375"
"contig70037_172261","Q9UPX0"
"contig178877","No_Uniprotmatch"
"contig3609_70722_21528_114413","Q08DB5"
"contig76831","No_Uniprotmatch"
"contig148556","A3KFU9"
"contig52371_75013","D4A0E1"
"contig204570","No_Uniprotmatch"
"contig176713_204289","Q15149"
"contig104142_174302_152809","Q28XE2"
"contig145208","P35445"
"contig194018_139668_202330","Q32LQ0"
"contig114108_78601_213590_70289","O00116"
"contig210054","P18519"
"contig112608_77091_153042_20277","A5D7R1"
"contig169811","Q5ZLM0"
"contig145823_188984","Q6BUT3"
"contig150666","Q3UHK3"
"contig11038_202061","P51514"
"contig159199_211308","B5DF89"
"contig120063","Q6GNL7"
"contig170341","Q96BY9"
"contig150277","Q9GYZ0"
"contig202041_179123_107837_112217","P11475"
"contig165629_127892","Q71F56"
"contig154630_16789_110916_69035_7176","Q13480"
"contig139619_119147","Q90Z12"
"contig145894","Q8BN59"
"contig148067","No_Uniprotmatch"
"contig151821_113188","No_Uniprotmatch"
"contig178660","O60673"
"contig145535","Q9EQW7"
"contig147186","Q9VAC5"
"contig59669","Q14669"
"contig112788_176749_176920","No_Uniprotmatch"
"contig176665","Q16665"
"contig4821","No_Uniprotmatch"
"contig194710","Q5YJC2"
"contig178646_210156_108969_104266","C3ZKS2"
"contig191957_154555_109279_106211","Q7T0B0"
"contig201991","P25210"
"contig165162_107966","O43435"
"contig111137_104416_178298","O57321"
"contig192483_150830_99068","B0V207"
"contig170319","No_Uniprotmatch"
"contig146734","O08746"
"contig23294_216989","O08774"
"contig68922_24733","Q28824"
"contig63961_207980","Q69ZW3"
"contig203717","Q6PCJ1"
"contig58517","Q92058"
"contig80610_152854","Q9Z0R4"
"contig113071","D0A0Q2"
"contig145396","Q5R5J1"
"contig74550_116262_13731","Q9P2K9"
"contig80209","P23468"
"contig71265_179230","Q80T21"
"contig148651","P49013"
"contig170172_216955","Q7ZYC4"
"contig75819","Q8CIB5"
"contig118879_68667","Q9P2K3"
"contig179323","P61917"
"contig150674","Q09666"
"contig69265_69648","Q14789"
"contig117005","O43432"
"contig39758_193412_186807_182900_48035_209748_78214_23602","A2AQH4"
"contig97413","Q8CHG7"
"contig167368","Q5SQM0"
"contig56040","Q19317"
"contig51792","Q8TEK3"
"contig600034","P53992"
"contig195333_24793","Q99758"
"contig204128","P11532"
"contig179870_112577_195814_112296_159370","No_Uniprotmatch"
"contig169420","Q60847"
"contig153406","No_Uniprotmatch"
"contig76456","Q7PKQ5"
"contig147724_213645","Q5RC26"
"contig153424","Q20176"
"contig37752_80772","Q5ZHN9"
"contig79570","Q4V7B1"
"contig177812","Q9VN14"
"contig70411","P13538"
"contig55887_116027_158992","Q3UHD1"
"contig212512_14210_75280_79818_144693","A4RKC3"
"contig992_109228_201706_114306_106463","Q9WUU6"
"contig150077","Q8ND61"
"contig98644_11524_185301","Q9I9M5"
"contig203525","Q5DID3"
"contig82201","Q9UL26"
"contig176462_218678","Q9GKL8"
"contig202349","Q8JZP3"
"contig148603","Q55DA0"
"contig148145_103234_81066","Q04592"
"contig7638_60286","P48547"
"contig169367","O46037"
"contig55943_144951","Q07157"
"contig100252","Q9Z1Q9"
"contig57517","Q86YT6"
"contig185459_203521","Q5RAS0"
"contig59171_141845_152422","No_Uniprotmatch"
"contig168094","P83038"
"contig151119","Q32PV0"
"contig201739","A6H584"
"contig8754_75309","Q60HG3"
"contig14252_104298_212521","P32198"
"contig218505","Q6INC1"
"contig113303_78392","Q6ZUK4"
"contig180931_71976_169369_69037","Q95218"
"contig218325","No_Uniprotmatch"
"contig130174","Q8BQS4"
"contig151874","P16086"
"contig169820_209839_107620","B3S273"
"contig72976","Q61151"
"contig169155","Q502W6"
"contig171629","Q9Z2Z6"
"contig73326","Q5GLZ8"
"contig71854","Q6YHK3"
"contig69975","Q9H4G4"
"contig78156","Q6ZPE2"
"contig13164","P53992"
"contig212221","O60343"
"contig149552","Q5R839"
"contig216158_179115","P10620"
"contig600146","Q9I928"
"contig69883","Q9UHB7"
"contig202482","Q9P2N4"
"contig151550","Q91827"
"contig600165","Q8UVC3"
"contig209271","Q6DIC0"
"contig145466","A0JME2"
"contig167513_83019","Q15059"
"contig205428","P62294"
"contig81078","O60934"
"contig120238_180526_108249_181148","Q55E58"
"contig151065","Q9ESR9"
"contig73448","P17225"
"contig170600","Q6PDK2"
"contig146908","Q8JHJ2"
"contig70259","No_Uniprotmatch"
"contig72128","Q8NFU3"
"contig147260","Q9QXZ0"
"contig115079","Q95LD9"
"contig163216_194259","Q9H4B6"
"contig150116","Q8N157"
"contig114080","Q9Y5E8"
"contig70453","Q6I6G8"
"contig186058","Q1HA50"
"contig169220","P02462"
"contig204270","Q924T7"
"contig170559","Q14005"
"contig106097_147826","Q7SYD5"
"contig76322","Q58CU4"
"contig203483","Q1LZ71"
"contig171614","Q9H4W6"
"contig172158","Q924H0"
"contig151618_21017_114323","Q8BUR3"
"contig66012","P25386"
"contig68434_153609","Q8N6G6"
"contig148881","A2AHJ4"
"contig78271_148081_190935","P27889"
"contig113840_219261","Q5VXD3"
"contig148719_44318","Q80TP3"
"contig151700","O95819"
"contig151161","Q28685"
"contig146994_80176","No_Uniprotmatch"
"contig78353","Q7TT36"
"contig192438_72141","Q9LLH9"
"contig204161","Q01978"
"contig217672_159656","Q99K82"
"contig74428","O95263"
"contig55873","P51029"
"contig216858_195505_189781_69703_17947_182270_205421","P55268"
"contig145721","Q14315"
"contig73180_205350_73534_212887_82481","O75116"
"contig158617_164066","Q92538"
"contig600181","Q924A2"
"contig211162","No_Uniprotmatch"
"contig145457","Q921M3"
"contig125225_155653_73455_111749_116867","Q60629"
"contig72511","No_Uniprotmatch"
"contig169171","Q09666"
"contig94476_78186_74752_216597","Q6DD51"
"contig99996_15114","P17038"
"contig110354","No_Uniprotmatch"
"contig168682","Q9JID9"
"contig97915","Q95218"
"contig58821","Q9BYB0"
"contig128306","Q7ZX15"
"contig149779_67978","Q6ZMV9"
"contig72776","No_Uniprotmatch"
"contig146682","O89026"
"contig169952","Q6I6G8"
"contig57628","Q71LX4"
"contig145234","Q14517"
"contig145123","No_Uniprotmatch"
"contig600081","Q8NFD5"
"contig81527","P02463"
"contig117421","Q3U0S6"
"contig117403","Q91Z92"
"contig71983","Q9HU55"
"contig97434_110103_5055_73339","Q61127"
"contig145100","P07207"
"contig112294_16620_20923_21596_72132_128967_103781","C3YYL8"
"contig148552","A2AF47"
"contig147188_77483_9147_212953_78225_179874","Q5ZJP5"
"contig146990","D3ZZL9"
"contig71442_149163","Q99M87"
"contig152742_59077","Q9NFN6"
"contig175807","Q6P4Z2"
"contig81751","Q69ZW3"
"contig140471_103435_71730_162747_81640","No_Uniprotmatch"
"contig150891_2650_70570","A2CG49"
"contig59065","No_Uniprotmatch"
"contig169358","Q17BA4"
"contig152072","C3XPW6"
"contig2636","Q6ZUK4"
"contig147666","Q84ZL0"
"contig152514","Q14789"
"contig53310","Q6GPM1"
"contig159954","P25391"
"contig145284","C3Z2B3"
"contig14822_207842","Q8BHI9"
"contig58484","P79398"
"contig153154_114682","Q61909"
"contig77039","No_Uniprotmatch"
"contig97680_218590","Q96IV6"
"contig147786","Q9PUB8"
"contig104181","Q502K9"
"contig94383","Q4R8H1"
"contig112519","Q9D2G9"
"contig6499","Q8NDA2"
"contig145484","Q3TCX3"
"contig76242","Q6GVH4"
"contig203199","No_Uniprotmatch"
"contig65885","Q9NZW5"
"contig66876_68675_109947","P43404"
"contig80996","O00468"
"contig170941","Q13951"
"contig208026","Q5TZ24"
"contig147470","Q9P2E3"
"contig145270","P20909"
"contig97541","C8YR32"
"contig65990","Q8N556"
"contig174986","P04035"
"contig98363_151575_11096_149975","Q9UNW9"
"contig75196","A6H584"
"contig166968","Q9VTN2"
"contig149553","Q9NGQ2"
"contig175974","A2AJ76"
"contig144878","Q8TF32"
"contig108823","O46385"
"contig189883","Q86Y13"
"contig8658_75300_59888_181471","A2RV61"
